ID,Description,GeneRatio,BgRatio,RichFactor,FoldEnrichment,zScore,pvalue,p.adjust,qvalue,geneID,Count
GO:0009607,response to biotic stimulus,5/253,46/24738,0.10869565217391304,10.628114796356762,6.6439409271223235,1.0468189367286304e-4,0.009958178822703266,0.009383343372835846,Phvul.002G209400.1/Phvul.002G209500.1/Phvul.003G109200.1/Phvul.003G109301.1/Phvul.003G109603.1,5
GO:0000786,nucleosome,6/253,79/24738,0.0759493670886076,7.4262270475809276,5.815212668991847,1.6061578746295592e-4,0.009958178822703266,0.009383343372835846,Phvul.001G009100.1/Phvul.002G110800.1/Phvul.002G269200.1/Phvul.006G090400.1/Phvul.011G163600.1/Phvul.011G164601.1,6
GO:0043565,sequence-specific DNA binding,12/253,397/24738,0.030226700251889168,2.9555261297677244,3.9927616866957005,8.552136170534117e-4,0.03534882950487435,0.03330831982208025,Phvul.001G088200.2/Phvul.001G154700.1/Phvul.002G155300.2/Phvul.002G285800.1/Phvul.003G070300.1/Phvul.003G138200.1/Phvul.004G048200.1/Phvul.005G040000.1/Phvul.007G067800.1/Phvul.007G174800.2/Phvul.008G045100.1/Phvul.009G078300.2,12
GO:0016887,ATP hydrolysis activity,9/253,253/24738,0.03557312252964427,3.478292115171304,4.027600837631812,0.0012420446219036003,0.03850338327901161,0.036280777113499904,Phvul.001G165700.1/Phvul.003G122400.1/Phvul.004G023066.1/Phvul.004G044100.2/Phvul.004G044132.1/Phvul.006G013900.1/Phvul.008G276150.1/Phvul.008G276201.1/Phvul.009G192401.1,9
GO:0046982,protein heterodimerization activity,6/253,123/24738,0.04878048780487805,4.76969054275523,4.260318388469117,0.0016918031747711966,0.04195671873432568,0.03953476892623217,Phvul.001G009100.1/Phvul.002G269200.1/Phvul.006G090400.1/Phvul.007G273000.1/Phvul.011G163600.1/Phvul.011G164601.1,6
