ID,Description,GeneRatio,BgRatio,RichFactor,FoldEnrichment,zScore,pvalue,p.adjust,qvalue,geneID,Count
GO:0030976,thiamine pyrophosphate binding,3/167,11/24738,0.2727272727272727,40.399564507348934,10.775126656766508,4.7912588111186715e-5,0.005078734339785792,0.0043373500816442714,Phvul.006G177600.1/Phvul.008G095400.1/Phvul.010G078000.1,3
GO:0016831,carboxy-lyase activity,3/167,19/24738,0.15789473684210525,23.389221556886227,8.048606218554738,2.704144760949598e-4,0.01433196723303287,0.01223981312850871,Phvul.006G177600.1/Phvul.008G095400.1/Phvul.010G078000.1,3
GO:0022857,transmembrane transporter activity,6/167,147/24738,0.04081632653061224,6.046193327630453,5.058884820698706,4.990092935552127e-4,0.017631661705617516,0.015057824296753789,Phvul.003G151700.1/Phvul.003G252500.1/Phvul.006G210200.1/Phvul.006G210300.1/Phvul.009G189000.1/Phvul.011G016300.1,6
GO:0016791,phosphatase activity,4/167,64/24738,0.0625,9.258233532934131,5.453529930116019,9.286962195338436e-4,0.024610449817646856,0.02101786181050278,Phvul.010G140800.1/Phvul.010G140900.1/Phvul.010G141050.1/Phvul.010G141200.2,4
GO:0006662,glycerol ether metabolic process,3/167,42/24738,0.07142857142857142,10.580838323353293,5.123127715360712,0.002859342904469583,0.04330668779937406,0.036984857504927214,Phvul.001G109200.1/Phvul.001G112200.1/Phvul.009G186300.1,3
GO:0005985,sucrose metabolic process,2/167,12/24738,0.16666666666666666,24.688622754491018,6.766651916299339,0.002859875609392627,0.04330668779937406,0.036984857504927214,Phvul.001G209600.1/Phvul.009G223800.1,2
GO:0016157,sucrose synthase activity,2/167,12/24738,0.16666666666666666,24.688622754491018,6.766651916299339,0.002859875609392627,0.04330668779937406,0.036984857504927214,Phvul.001G209600.1/Phvul.009G223800.1,2
