ID,Description,GeneRatio,BgRatio,RichFactor,FoldEnrichment,zScore,pvalue,p.adjust,qvalue,geneID,Count
GO:0043531,ADP binding,34/194,420/24738,0.08095238095238096,10.322680412371135,17.131808968775164,1.3954115329505562e-24,1.3814574176210507e-22,1.2925917357857783e-22,Phvul.001G133601.1/Phvul.002G323000.2/Phvul.002G323200.1/Phvul.002G323400.2/Phvul.002G323712.1/Phvul.004G005600.1/Phvul.004G007900.2/Phvul.004G008101.1/Phvul.004G008351.1/Phvul.004G008740.1/Phvul.004G008900.1/Phvul.004G008918.1/Phvul.004G008981.1/Phvul.004G009136.1/Phvul.004G009281.1/Phvul.004G009300.2/Phvul.004G009521.1/Phvul.004G009527.1/Phvul.004G009821.1/Phvul.004G009936.1/Phvul.004G013000.1/Phvul.004G015600.1/Phvul.004G015732.1/Phvul.004G015800.1/Phvul.004G016532.1/Phvul.007G160901.1/Phvul.010G024301.1/Phvul.010G026100.1/Phvul.010G027300.1/Phvul.010G028800.1/Phvul.010G029000.3/Phvul.010G029100.1/Phvul.010G029600.1/Phvul.011G195200.1,34
GO:0007165,signal transduction,12/194,396/24738,0.030303030303030304,3.8641049671977505,5.108108374580127,7.371143354800067e-5,0.0025378521291876664,0.002374598483450448,Phvul.002G323000.2/Phvul.002G323200.1/Phvul.002G323712.1/Phvul.003G161100.1/Phvul.007G160901.1/Phvul.010G024301.1/Phvul.010G026100.1/Phvul.010G027300.1/Phvul.010G028700.1/Phvul.010G028800.1/Phvul.010G029000.3/Phvul.010G029100.1,12
GO:0046873,metal ion transmembrane transporter activity,4/194,30/24738,0.13333333333333333,17.002061855670103,7.796855477703898,8.5657013886699e-5,0.0025378521291876664,0.002374598483450448,Phvul.006G001000.2/Phvul.008G259200.1/Phvul.009G077700.1/Phvul.L007543.1,4
GO:0005385,zinc ion transmembrane transporter activity,3/194,13/24738,0.23076923076923078,29.426645519429027,9.114458005114058,1.2817434995897304e-4,0.0025378521291876664,0.002374598483450448,Phvul.006G001000.2/Phvul.008G259200.1/Phvul.009G077700.1,3
GO:0071577,zinc ion transmembrane transport,3/194,13/24738,0.23076923076923078,29.426645519429027,9.114458005114058,1.2817434995897304e-4,0.0025378521291876664,0.002374598483450448,Phvul.006G001000.2/Phvul.008G259200.1/Phvul.009G077700.1,3
